"SUID","BEND_MAP_ID","cluster2_Adj_cyto.csv","EdgeBetweenness","inter","interaction","name","selected","shared interaction","shared name"
"1719","1719","2.00262890354926","1.09808612","1","interacts with","Actinobacillus (interacts with) Actinomyces","false","interacts with","Actinobacillus (interacts with) Actinomyces"
"1720","1720","8.985536597617429","1.09307359","1","interacts with","Actinobacillus (interacts with) Fusobacterium","false","interacts with","Actinobacillus (interacts with) Fusobacterium"
"1721","1721","3.10060588762972","1.1510101","1","interacts with","Actinobacillus (interacts with) Gemella","false","interacts with","Actinobacillus (interacts with) Gemella"
"1722","1722","-0.5993475977499871","1.09808612","-1","interacts with","Actinobacillus (interacts with) Granulicatella","false","interacts with","Actinobacillus (interacts with) Granulicatella"
"1723","1723","-3.34681339190656","1.04545455","-1","interacts with","Actinobacillus (interacts with) Haemophilus","false","interacts with","Actinobacillus (interacts with) Haemophilus"
"1724","1724","8.49235844292811","1.04545455","1","interacts with","Actinobacillus (interacts with) Leptotrichia","false","interacts with","Actinobacillus (interacts with) Leptotrichia"
"1725","1725","5.31862062387492","1.09307359","1","interacts with","Actinobacillus (interacts with) Neisseria","false","interacts with","Actinobacillus (interacts with) Neisseria"
"1726","1726","7.5053832687423006","1.04545455","1","interacts with","Actinobacillus (interacts with) Porphyromonas","false","interacts with","Actinobacillus (interacts with) Porphyromonas"
"1727","1727","4.041517464160201","1.04545455","1","interacts with","Actinobacillus (interacts with) Prevotella","false","interacts with","Actinobacillus (interacts with) Prevotella"
"1728","1728","0.661690825474511","1.20427807","1","interacts with","Actinobacillus (interacts with) Rothia","false","interacts with","Actinobacillus (interacts with) Rothia"
"1729","1729","3.4294958728274","1.04545455","1","interacts with","Actinobacillus (interacts with) Veillonella","false","interacts with","Actinobacillus (interacts with) Veillonella"
"1730","1730","5.90171287273168","1.09307359","1","interacts with","Actinobacillus (interacts with) Klebsiella","false","interacts with","Actinobacillus (interacts with) Klebsiella"
"1731","1731","0.0291272438539618","1.14862915","1","interacts with","Actinobacillus (interacts with) Moraxella","false","interacts with","Actinobacillus (interacts with) Moraxella"
"1732","1732","2.28899779539198","1.27169724","1","interacts with","Actinobacillus (interacts with) Pseudomonas","false","interacts with","Actinobacillus (interacts with) Pseudomonas"
"1733","1733","2.48295829104684","1.09307359","1","interacts with","Actinobacillus (interacts with) Aspergillus","false","interacts with","Actinobacillus (interacts with) Aspergillus"
"1734","1734","1.7476498036252799","1.09808612","1","interacts with","Actinobacillus (interacts with) Candida","false","interacts with","Actinobacillus (interacts with) Candida"
"1735","1735","-3.36408970705204","1.04545455","-1","interacts with","Actinobacillus (interacts with) Cryptococcus","false","interacts with","Actinobacillus (interacts with) Cryptococcus"
"1736","1736","-2.29084560235439","1.09307359","-1","interacts with","Actinobacillus (interacts with) Penicillium","false","interacts with","Actinobacillus (interacts with) Penicillium"
"1737","1737","-1.91004138291372","1.14069264","-1","interacts with","Actinobacillus (interacts with) Saccharomyces","false","interacts with","Actinobacillus (interacts with) Saccharomyces"
"1738","1738","-0.161025849543288","1.04545455","-1","interacts with","Actinobacillus (interacts with) unidentified","false","interacts with","Actinobacillus (interacts with) unidentified"
"1739","1739","2.8836531723386","1.14307359","1","interacts with","Actinobacillus (interacts with) PIV3","false","interacts with","Actinobacillus (interacts with) PIV3"
"1740","1740","-1.4997373339371598","1.26877326","-1","interacts with","Actinobacillus (interacts with) RV","false","interacts with","Actinobacillus (interacts with) RV"
"1741","1741","2.00262890354926","1.09808612","1","interacts with","Actinomyces (interacts with) Actinobacillus","false","interacts with","Actinomyces (interacts with) Actinobacillus"
"1742","1742","9.77310106536618","1.10025063","1","interacts with","Actinomyces (interacts with) Fusobacterium","false","interacts with","Actinomyces (interacts with) Fusobacterium"
"1743","1743","9.50125588600493","1.05","1","interacts with","Actinomyces (interacts with) Gemella","false","interacts with","Actinomyces (interacts with) Gemella"
"1744","1744","24.6211931265955","1.0","1","interacts with","Actinomyces (interacts with) Granulicatella","false","interacts with","Actinomyces (interacts with) Granulicatella"
"1745","1745","-6.655310277003959","1.05263158","-1","interacts with","Actinomyces (interacts with) Haemophilus","false","interacts with","Actinomyces (interacts with) Haemophilus"
"1746","1746","60.75981472740521","1.05263158","1","interacts with","Actinomyces (interacts with) Leptotrichia","false","interacts with","Actinomyces (interacts with) Leptotrichia"
"1747","1747","6.58708419115034","1.10025063","1","interacts with","Actinomyces (interacts with) Neisseria","false","interacts with","Actinomyces (interacts with) Neisseria"
"1748","1748","3.42004069339648","1.05263158","1","interacts with","Actinomyces (interacts with) Porphyromonas","false","interacts with","Actinomyces (interacts with) Porphyromonas"
"1749","1749","23.9347341780695","1.05263158","1","interacts with","Actinomyces (interacts with) Prevotella","false","interacts with","Actinomyces (interacts with) Prevotella"
"1750","1750","18.367288539559603","1.21145511","1","interacts with","Actinomyces (interacts with) Rothia","false","interacts with","Actinomyces (interacts with) Rothia"
"1751","1751","-2.37510459013227","1.09808612","-1","interacts with","Actinomyces (interacts with) Streptococcus","false","interacts with","Actinomyces (interacts with) Streptococcus"
"1752","1752","37.984252284250395","1.05263158","1","interacts with","Actinomyces (interacts with) Veillonella","false","interacts with","Actinomyces (interacts with) Veillonella"
"1753","1753","5.31510180632468","1.10025063","1","interacts with","Actinomyces (interacts with) Klebsiella","false","interacts with","Actinomyces (interacts with) Klebsiella"
"1754","1754","1.68143909353147","1.15580618","1","interacts with","Actinomyces (interacts with) Moraxella","false","interacts with","Actinomyces (interacts with) Moraxella"
"1755","1755","3.70157474983754","1.16374269","1","interacts with","Actinomyces (interacts with) Pseudomonas","false","interacts with","Actinomyces (interacts with) Pseudomonas"
"1756","1756","5.7881989289922595","1.10025063","1","interacts with","Actinomyces (interacts with) Aspergillus","false","interacts with","Actinomyces (interacts with) Aspergillus"
"1757","1757","11.616659219843699","1.10526316","1","interacts with","Actinomyces (interacts with) Candida","false","interacts with","Actinomyces (interacts with) Candida"
"1758","1758","-2.84198415991447","1.05263158","-1","interacts with","Actinomyces (interacts with) Cryptococcus","false","interacts with","Actinomyces (interacts with) Cryptococcus"
"1759","1759","-0.5714683036367499","1.10025063","-1","interacts with","Actinomyces (interacts with) Penicillium","false","interacts with","Actinomyces (interacts with) Penicillium"
"1760","1760","3.6019336018195998","1.14786967","1","interacts with","Actinomyces (interacts with) Saccharomyces","false","interacts with","Actinomyces (interacts with) Saccharomyces"
"1761","1761","0.7909815788476421","1.05263158","1","interacts with","Actinomyces (interacts with) unidentified","false","interacts with","Actinomyces (interacts with) unidentified"
"1762","1762","-2.2088779828676497","1.15025063","-1","interacts with","Actinomyces (interacts with) PIV3","false","interacts with","Actinomyces (interacts with) PIV3"
"1763","1763","8.985536597617429","1.09307359","1","interacts with","Fusobacterium (interacts with) Actinobacillus","false","interacts with","Fusobacterium (interacts with) Actinobacillus"
"1764","1764","9.77310106536618","1.10025063","1","interacts with","Fusobacterium (interacts with) Actinomyces","false","interacts with","Fusobacterium (interacts with) Actinomyces"
"1765","1765","9.022044906307","1.05555556","1","interacts with","Fusobacterium (interacts with) Gemella","false","interacts with","Fusobacterium (interacts with) Gemella"
"1766","1766","2.2314587724329202","1.10025063","1","interacts with","Fusobacterium (interacts with) Granulicatella","false","interacts with","Fusobacterium (interacts with) Granulicatella"
"1767","1767","-5.5579442264400605","1.04761905","-1","interacts with","Fusobacterium (interacts with) Haemophilus","false","interacts with","Fusobacterium (interacts with) Haemophilus"
"1768","1768","18.394619198399898","1.04761905","1","interacts with","Fusobacterium (interacts with) Leptotrichia","false","interacts with","Fusobacterium (interacts with) Leptotrichia"
"1769","1769","11.196099029092698","1.0952381","1","interacts with","Fusobacterium (interacts with) Neisseria","false","interacts with","Fusobacterium (interacts with) Neisseria"
"1770","1770","28.457690930394698","1.04761905","1","interacts with","Fusobacterium (interacts with) Porphyromonas","false","interacts with","Fusobacterium (interacts with) Porphyromonas"
"1771","1771","27.752280500760797","1.04761905","1","interacts with","Fusobacterium (interacts with) Prevotella","false","interacts with","Fusobacterium (interacts with) Prevotella"
"1772","1772","1.53412137916859","1.20644258","1","interacts with","Fusobacterium (interacts with) Rothia","false","interacts with","Fusobacterium (interacts with) Rothia"
"1773","1773","-2.1759368382938997","1.09307359","-1","interacts with","Fusobacterium (interacts with) Streptococcus","false","interacts with","Fusobacterium (interacts with) Streptococcus"
"1774","1774","10.726251630024","1.04761905","1","interacts with","Fusobacterium (interacts with) Veillonella","false","interacts with","Fusobacterium (interacts with) Veillonella"
"1775","1775","9.181305492057302","1.0952381","1","interacts with","Fusobacterium (interacts with) Klebsiella","false","interacts with","Fusobacterium (interacts with) Klebsiella"
"1776","1776","1.5971734650334701","1.15079365","1","interacts with","Fusobacterium (interacts with) Moraxella","false","interacts with","Fusobacterium (interacts with) Moraxella"
"1777","1777","1.28013405142828","1.27386174","1","interacts with","Fusobacterium (interacts with) Pseudomonas","false","interacts with","Fusobacterium (interacts with) Pseudomonas"
"1778","1778","12.295701704804802","1.0952381","1","interacts with","Fusobacterium (interacts with) Aspergillus","false","interacts with","Fusobacterium (interacts with) Aspergillus"
"1779","1779","12.5247252940078","1.10025063","1","interacts with","Fusobacterium (interacts with) Candida","false","interacts with","Fusobacterium (interacts with) Candida"
"1780","1780","-5.618860734959049","1.04761905","-1","interacts with","Fusobacterium (interacts with) Cryptococcus","false","interacts with","Fusobacterium (interacts with) Cryptococcus"
"1781","1781","-3.3376919411227","1.0952381","-1","interacts with","Fusobacterium (interacts with) Penicillium","false","interacts with","Fusobacterium (interacts with) Penicillium"
"1782","1782","-2.0613657935439096","1.14285714","-1","interacts with","Fusobacterium (interacts with) Saccharomyces","false","interacts with","Fusobacterium (interacts with) Saccharomyces"
"1783","1783","0.13093803094635","1.04761905","1","interacts with","Fusobacterium (interacts with) unidentified","false","interacts with","Fusobacterium (interacts with) unidentified"
"1784","1784","-0.73103613066982","1.27093776","-1","interacts with","Fusobacterium (interacts with) RV","false","interacts with","Fusobacterium (interacts with) RV"
"1785","1785","3.10060588762972","1.1510101","1","interacts with","Gemella (interacts with) Actinobacillus","false","interacts with","Gemella (interacts with) Actinobacillus"
"1786","1786","9.50125588600493","1.05","1","interacts with","Gemella (interacts with) Actinomyces","false","interacts with","Gemella (interacts with) Actinomyces"
"1787","1787","9.022044906307","1.05555556","1","interacts with","Gemella (interacts with) Fusobacterium","false","interacts with","Gemella (interacts with) Fusobacterium"
"1788","1788","3.6900620304730203","1.05","1","interacts with","Gemella (interacts with) Granulicatella","false","interacts with","Gemella (interacts with) Granulicatella"
"1789","1789","-5.36287005503205","1.10555556","-1","interacts with","Gemella (interacts with) Haemophilus","false","interacts with","Gemella (interacts with) Haemophilus"
"1790","1790","20.1844821405267","1.10555556","1","interacts with","Gemella (interacts with) Leptotrichia","false","interacts with","Gemella (interacts with) Leptotrichia"
"1791","1791","7.358264882807491","1.1531746","1","interacts with","Gemella (interacts with) Neisseria","false","interacts with","Gemella (interacts with) Neisseria"
"1792","1792","8.07121728792697","1.10555556","1","interacts with","Gemella (interacts with) Porphyromonas","false","interacts with","Gemella (interacts with) Porphyromonas"
"1793","1793","11.6184721751598","1.10555556","1","interacts with","Gemella (interacts with) Prevotella","false","interacts with","Gemella (interacts with) Prevotella"
"1794","1794","4.3167487555671205","1.26437908","1","interacts with","Gemella (interacts with) Rothia","false","interacts with","Gemella (interacts with) Rothia"
"1795","1795","-1.16493257500175","1.1510101","-1","interacts with","Gemella (interacts with) Streptococcus","false","interacts with","Gemella (interacts with) Streptococcus"
"1796","1796","8.907990674421589","1.10555556","1","interacts with","Gemella (interacts with) Veillonella","false","interacts with","Gemella (interacts with) Veillonella"
"1797","1797","5.89059241652799","1.1531746","1","interacts with","Gemella (interacts with) Klebsiella","false","interacts with","Gemella (interacts with) Klebsiella"
"1798","1798","3.0374508093976402","1.20873016","1","interacts with","Gemella (interacts with) Moraxella","false","interacts with","Gemella (interacts with) Moraxella"
"1799","1799","1.4434903949073703","1.21374269","1","interacts with","Gemella (interacts with) Pseudomonas","false","interacts with","Gemella (interacts with) Pseudomonas"
"1800","1800","3.14467168851905","1.1531746","1","interacts with","Gemella (interacts with) Aspergillus","false","interacts with","Gemella (interacts with) Aspergillus"
"1801","1801","1.0512092942145501","1.15818713","1","interacts with","Gemella (interacts with) Candida","false","interacts with","Gemella (interacts with) Candida"
"1802","1802","-1.04455964124219","1.10555556","-1","interacts with","Gemella (interacts with) Cryptococcus","false","interacts with","Gemella (interacts with) Cryptococcus"
"1803","1803","-1.0855807927151802","1.1531746","-1","interacts with","Gemella (interacts with) Penicillium","false","interacts with","Gemella (interacts with) Penicillium"
"1804","1804","1.26084364640747","1.20079365","1","interacts with","Gemella (interacts with) Saccharomyces","false","interacts with","Gemella (interacts with) Saccharomyces"
"1805","1805","0.24927240911954898","1.10555556","1","interacts with","Gemella (interacts with) unidentified","false","interacts with","Gemella (interacts with) unidentified"
"1806","1806","-0.5993475977499871","1.09808612","-1","interacts with","Granulicatella (interacts with) Actinobacillus","false","interacts with","Granulicatella (interacts with) Actinobacillus"
"1807","1807","22.6389888061337","1.0","1","interacts with","Granulicatella (interacts with) Actinomyces","false","interacts with","Granulicatella (interacts with) Actinomyces"
"1808","1808","2.2314587724329202","1.10025063","1","interacts with","Granulicatella (interacts with) Fusobacterium","false","interacts with","Granulicatella (interacts with) Fusobacterium"
"1809","1809","3.6900620304730203","1.05","1","interacts with","Granulicatella (interacts with) Gemella","false","interacts with","Granulicatella (interacts with) Gemella"
"1810","1810","0.7216874921314721","1.05263158","1","interacts with","Granulicatella (interacts with) Haemophilus","false","interacts with","Granulicatella (interacts with) Haemophilus"
"1811","1811","1.9530213637599","1.05263158","1","interacts with","Granulicatella (interacts with) Leptotrichia","false","interacts with","Granulicatella (interacts with) Leptotrichia"
"1812","1812","3.1874180688612097","1.10025063","1","interacts with","Granulicatella (interacts with) Neisseria","false","interacts with","Granulicatella (interacts with) Neisseria"
"1813","1813","2.1118603611496396","1.05263158","1","interacts with","Granulicatella (interacts with) Porphyromonas","false","interacts with","Granulicatella (interacts with) Porphyromonas"
"1814","1814","6.393243162000821","1.05263158","1","interacts with","Granulicatella (interacts with) Prevotella","false","interacts with","Granulicatella (interacts with) Prevotella"
"1815","1815","6.978852764893481","1.21145511","1","interacts with","Granulicatella (interacts with) Rothia","false","interacts with","Granulicatella (interacts with) Rothia"
"1816","1816","-0.66547246011745","1.09808612","-1","interacts with","Granulicatella (interacts with) Streptococcus","false","interacts with","Granulicatella (interacts with) Streptococcus"
"1817","1817","7.21350889708776","1.05263158","1","interacts with","Granulicatella (interacts with) Veillonella","false","interacts with","Granulicatella (interacts with) Veillonella"
"1818","1818","-0.8009241288267779","1.10025063","-1","interacts with","Granulicatella (interacts with) Klebsiella","false","interacts with","Granulicatella (interacts with) Klebsiella"
"1819","1819","3.9143900262149702","1.15580618","1","interacts with","Granulicatella (interacts with) Moraxella","false","interacts with","Granulicatella (interacts with) Moraxella"
"1820","1820","5.29019726218075","1.16374269","1","interacts with","Granulicatella (interacts with) Pseudomonas","false","interacts with","Granulicatella (interacts with) Pseudomonas"
"1821","1821","0.647605157471353","1.10025063","1","interacts with","Granulicatella (interacts with) Aspergillus","false","interacts with","Granulicatella (interacts with) Aspergillus"
"1822","1822","3.4333854978169702","1.10526316","1","interacts with","Granulicatella (interacts with) Candida","false","interacts with","Granulicatella (interacts with) Candida"
"1823","1823","15.3110877256058","1.05263158","1","interacts with","Granulicatella (interacts with) Cryptococcus","false","interacts with","Granulicatella (interacts with) Cryptococcus"
"1824","1824","15.236274124738","1.10025063","1","interacts with","Granulicatella (interacts with) Penicillium","false","interacts with","Granulicatella (interacts with) Penicillium"
"1825","1825","13.255547861823402","1.14786967","1","interacts with","Granulicatella (interacts with) Saccharomyces","false","interacts with","Granulicatella (interacts with) Saccharomyces"
"1826","1826","2.9165135386817096","1.05263158","1","interacts with","Granulicatella (interacts with) unidentified","false","interacts with","Granulicatella (interacts with) unidentified"
"1827","1827","-1.60298551945245","1.15025063","-1","interacts with","Granulicatella (interacts with) PIV3","false","interacts with","Granulicatella (interacts with) PIV3"
"1828","1828","-3.34681339190656","1.04545455","-1","interacts with","Haemophilus (interacts with) Actinobacillus","false","interacts with","Haemophilus (interacts with) Actinobacillus"
"1829","1829","-20.0743459456934","1.05263158","-1","interacts with","Haemophilus (interacts with) Actinomyces","false","interacts with","Haemophilus (interacts with) Actinomyces"
"1830","1830","-25.588839430640203","1.04761905","-1","interacts with","Haemophilus (interacts with) Fusobacterium","false","interacts with","Haemophilus (interacts with) Fusobacterium"
"1831","1831","-15.1840941801687","1.10555556","-1","interacts with","Haemophilus (interacts with) Gemella","false","interacts with","Haemophilus (interacts with) Gemella"
"1832","1832","0.7216874921314721","1.05263158","1","interacts with","Haemophilus (interacts with) Granulicatella","false","interacts with","Haemophilus (interacts with) Granulicatella"
"1833","1833","-44.0303711773658","1.0","-1","interacts with","Haemophilus (interacts with) Leptotrichia","false","interacts with","Haemophilus (interacts with) Leptotrichia"
"1834","1834","-5.979034339802211","1.04761905","-1","interacts with","Haemophilus (interacts with) Neisseria","false","interacts with","Haemophilus (interacts with) Neisseria"
"1835","1835","-79.84896209087691","1.0","-1","interacts with","Haemophilus (interacts with) Porphyromonas","false","interacts with","Haemophilus (interacts with) Porphyromonas"
"1836","1836","-7.3575243591707","1.0","-1","interacts with","Haemophilus (interacts with) Prevotella","false","interacts with","Haemophilus (interacts with) Prevotella"
"1837","1837","-6.964600355993269","1.15882353","-1","interacts with","Haemophilus (interacts with) Rothia","false","interacts with","Haemophilus (interacts with) Rothia"
"1838","1838","20.5252431593695","1.04545455","1","interacts with","Haemophilus (interacts with) Streptococcus","false","interacts with","Haemophilus (interacts with) Streptococcus"
"1839","1839","-13.8045343752053","1.0","-1","interacts with","Haemophilus (interacts with) Veillonella","false","interacts with","Haemophilus (interacts with) Veillonella"
"1840","1840","-3.8830262262626998","1.04761905","-1","interacts with","Haemophilus (interacts with) Klebsiella","false","interacts with","Haemophilus (interacts with) Klebsiella"
"1841","1841","-1.8589610023093501","1.1031746","-1","interacts with","Haemophilus (interacts with) Moraxella","false","interacts with","Haemophilus (interacts with) Moraxella"
"1842","1842","2.96409259451253","1.22624269","1","interacts with","Haemophilus (interacts with) Pseudomonas","false","interacts with","Haemophilus (interacts with) Pseudomonas"
"1843","1843","10.0281792228297","1.04761905","1","interacts with","Haemophilus (interacts with) Aspergillus","false","interacts with","Haemophilus (interacts with) Aspergillus"
"1844","1844","8.90095507185215","1.05263158","1","interacts with","Haemophilus (interacts with) Candida","false","interacts with","Haemophilus (interacts with) Candida"
"1845","1845","7.45924624380134","1.0","1","interacts with","Haemophilus (interacts with) Cryptococcus","false","interacts with","Haemophilus (interacts with) Cryptococcus"
"1846","1846","5.13333840680242","1.04761905","1","interacts with","Haemophilus (interacts with) Penicillium","false","interacts with","Haemophilus (interacts with) Penicillium"
"1847","1847","6.30705121907991","1.0952381","1","interacts with","Haemophilus (interacts with) Saccharomyces","false","interacts with","Haemophilus (interacts with) Saccharomyces"
"1848","1848","2.24140190564954","1.0","1","interacts with","Haemophilus (interacts with) unidentified","false","interacts with","Haemophilus (interacts with) unidentified"
"1849","1849","-5.517106096050821","1.09761905","-1","interacts with","Haemophilus (interacts with) PIV3","false","interacts with","Haemophilus (interacts with) PIV3"
"1850","1850","0.584833606807295","1.22331871","1","interacts with","Haemophilus (interacts with) RV","false","interacts with","Haemophilus (interacts with) RV"
"1851","1851","8.49235844292811","1.04545455","1","interacts with","Leptotrichia (interacts with) Actinobacillus","false","interacts with","Leptotrichia (interacts with) Actinobacillus"
"1852","1852","15.373701628740802","1.05263158","1","interacts with","Leptotrichia (interacts with) Actinomyces","false","interacts with","Leptotrichia (interacts with) Actinomyces"
"1853","1853","18.394619198399898","1.04761905","1","interacts with","Leptotrichia (interacts with) Fusobacterium","false","interacts with","Leptotrichia (interacts with) Fusobacterium"
"1854","1854","20.3551442030518","1.10555556","1","interacts with","Leptotrichia (interacts with) Gemella","false","interacts with","Leptotrichia (interacts with) Gemella"
"1855","1855","1.71203826467795","1.05263158","1","interacts with","Leptotrichia (interacts with) Granulicatella","false","interacts with","Leptotrichia (interacts with) Granulicatella"
"1856","1856","-6.365266130725731","1.0","-1","interacts with","Leptotrichia (interacts with) Haemophilus","false","interacts with","Leptotrichia (interacts with) Haemophilus"
"1857","1857","21.124601711982","1.04761905","1","interacts with","Leptotrichia (interacts with) Neisseria","false","interacts with","Leptotrichia (interacts with) Neisseria"
"1858","1858","29.293265381666604","1.0","1","interacts with","Leptotrichia (interacts with) Porphyromonas","false","interacts with","Leptotrichia (interacts with) Porphyromonas"
"1859","1859","29.3622466650466","1.0","1","interacts with","Leptotrichia (interacts with) Prevotella","false","interacts with","Leptotrichia (interacts with) Prevotella"
"1860","1860","1.02195295057625","1.15882353","1","interacts with","Leptotrichia (interacts with) Rothia","false","interacts with","Leptotrichia (interacts with) Rothia"
"1861","1861","-1.65515986352355","1.04545455","-1","interacts with","Leptotrichia (interacts with) Streptococcus","false","interacts with","Leptotrichia (interacts with) Streptococcus"
"1862","1862","11.326106532605","1.0","1","interacts with","Leptotrichia (interacts with) Veillonella","false","interacts with","Leptotrichia (interacts with) Veillonella"
"1863","1863","6.2048129235015095","1.04761905","1","interacts with","Leptotrichia (interacts with) Klebsiella","false","interacts with","Leptotrichia (interacts with) Klebsiella"
"1864","1864","1.1113321984125701","1.1031746","1","interacts with","Leptotrichia (interacts with) Moraxella","false","interacts with","Leptotrichia (interacts with) Moraxella"
"1865","1865","2.50222051217877","1.22624269","1","interacts with","Leptotrichia (interacts with) Pseudomonas","false","interacts with","Leptotrichia (interacts with) Pseudomonas"
"1866","1866","6.459796666936799","1.04761905","1","interacts with","Leptotrichia (interacts with) Aspergillus","false","interacts with","Leptotrichia (interacts with) Aspergillus"
"1867","1867","-0.0677786989372974","1.05263158","-1","interacts with","Leptotrichia (interacts with) Candida","false","interacts with","Leptotrichia (interacts with) Candida"
"1868","1868","-4.53647665373505","1.0","-1","interacts with","Leptotrichia (interacts with) Cryptococcus","false","interacts with","Leptotrichia (interacts with) Cryptococcus"
"1869","1869","-2.77332245149787","1.04761905","-1","interacts with","Leptotrichia (interacts with) Penicillium","false","interacts with","Leptotrichia (interacts with) Penicillium"
"1870","1870","10.667749501235301","1.0952381","1","interacts with","Leptotrichia (interacts with) Saccharomyces","false","interacts with","Leptotrichia (interacts with) Saccharomyces"
"1871","1871","-0.679392572525043","1.0","-1","interacts with","Leptotrichia (interacts with) unidentified","false","interacts with","Leptotrichia (interacts with) unidentified"
"1872","1872","-1.09797423048655","1.09761905","-1","interacts with","Leptotrichia (interacts with) PIV3","false","interacts with","Leptotrichia (interacts with) PIV3"
"1873","1873","-0.444910271834682","1.22331871","-1","interacts with","Leptotrichia (interacts with) RV","false","interacts with","Leptotrichia (interacts with) RV"
"1874","1874","5.31862062387492","1.09307359","1","interacts with","Neisseria (interacts with) Actinobacillus","false","interacts with","Neisseria (interacts with) Actinobacillus"
"1875","1875","6.58708419115034","1.10025063","1","interacts with","Neisseria (interacts with) Actinomyces","false","interacts with","Neisseria (interacts with) Actinomyces"
"1876","1876","11.196099029092698","1.0952381","1","interacts with","Neisseria (interacts with) Fusobacterium","false","interacts with","Neisseria (interacts with) Fusobacterium"
"1877","1877","7.358264882807491","1.1531746","1","interacts with","Neisseria (interacts with) Gemella","false","interacts with","Neisseria (interacts with) Gemella"
"1878","1878","3.1874180688612097","1.10025063","1","interacts with","Neisseria (interacts with) Granulicatella","false","interacts with","Neisseria (interacts with) Granulicatella"
"1879","1879","-3.42112335193299","1.04761905","-1","interacts with","Neisseria (interacts with) Haemophilus","false","interacts with","Neisseria (interacts with) Haemophilus"
"1880","1880","20.814470102382604","1.04761905","1","interacts with","Neisseria (interacts with) Leptotrichia","false","interacts with","Neisseria (interacts with) Leptotrichia"
"1881","1881","9.95813180869269","1.04761905","1","interacts with","Neisseria (interacts with) Porphyromonas","false","interacts with","Neisseria (interacts with) Porphyromonas"
"1882","1882","8.12237196182663","1.04761905","1","interacts with","Neisseria (interacts with) Prevotella","false","interacts with","Neisseria (interacts with) Prevotella"
"1883","1883","2.36753387506919","1.20644258","1","interacts with","Neisseria (interacts with) Rothia","false","interacts with","Neisseria (interacts with) Rothia"
"1884","1884","-2.20326574412144","1.09307359","-1","interacts with","Neisseria (interacts with) Streptococcus","false","interacts with","Neisseria (interacts with) Streptococcus"
"1885","1885","8.24327618173237","1.04761905","1","interacts with","Neisseria (interacts with) Veillonella","false","interacts with","Neisseria (interacts with) Veillonella"
"1886","1886","2.93412038502307","1.0","1","interacts with","Neisseria (interacts with) Klebsiella","false","interacts with","Neisseria (interacts with) Klebsiella"
"1887","1887","0.692244355956413","1.15079365","1","interacts with","Neisseria (interacts with) Moraxella","false","interacts with","Neisseria (interacts with) Moraxella"
"1888","1888","5.285983000907519","1.27386174","1","interacts with","Neisseria (interacts with) Pseudomonas","false","interacts with","Neisseria (interacts with) Pseudomonas"
"1889","1889","3.59303466864125","1.0952381","1","interacts with","Neisseria (interacts with) Aspergillus","false","interacts with","Neisseria (interacts with) Aspergillus"
"1890","1890","0.781835384514545","1.10025063","1","interacts with","Neisseria (interacts with) Candida","false","interacts with","Neisseria (interacts with) Candida"
"1891","1891","-4.16657112267452","1.04761905","-1","interacts with","Neisseria (interacts with) Cryptococcus","false","interacts with","Neisseria (interacts with) Cryptococcus"
"1892","1892","-0.745493429695332","1.0952381","-1","interacts with","Neisseria (interacts with) Penicillium","false","interacts with","Neisseria (interacts with) Penicillium"
"1893","1893","0.7005245871658771","1.04761905","1","interacts with","Neisseria (interacts with) unidentified","false","interacts with","Neisseria (interacts with) unidentified"
"1894","1894","0.5222567978736079","1.1452381","1","interacts with","Neisseria (interacts with) PIV3","false","interacts with","Neisseria (interacts with) PIV3"
"1895","1895","3.71071809180607","1.27093776","1","interacts with","Neisseria (interacts with) RV","false","interacts with","Neisseria (interacts with) RV"
"1896","1896","7.5053832687423006","1.04545455","1","interacts with","Porphyromonas (interacts with) Actinobacillus","false","interacts with","Porphyromonas (interacts with) Actinobacillus"
"1897","1897","7.68341373098279","1.05263158","1","interacts with","Porphyromonas (interacts with) Actinomyces","false","interacts with","Porphyromonas (interacts with) Actinomyces"
"1898","1898","28.457690930394698","1.04761905","1","interacts with","Porphyromonas (interacts with) Fusobacterium","false","interacts with","Porphyromonas (interacts with) Fusobacterium"
"1899","1899","8.07121728792697","1.10555556","1","interacts with","Porphyromonas (interacts with) Gemella","false","interacts with","Porphyromonas (interacts with) Gemella"
"1900","1900","2.1118603611496396","1.05263158","1","interacts with","Porphyromonas (interacts with) Granulicatella","false","interacts with","Porphyromonas (interacts with) Granulicatella"
"1901","1901","-5.43995888037977","1.0","-1","interacts with","Porphyromonas (interacts with) Haemophilus","false","interacts with","Porphyromonas (interacts with) Haemophilus"
"1902","1902","27.8124076491715","1.0","1","interacts with","Porphyromonas (interacts with) Leptotrichia","false","interacts with","Porphyromonas (interacts with) Leptotrichia"
"1903","1903","9.95813180869269","1.04761905","1","interacts with","Porphyromonas (interacts with) Neisseria","false","interacts with","Porphyromonas (interacts with) Neisseria"
"1904","1904","11.233593264525002","1.0","1","interacts with","Porphyromonas (interacts with) Prevotella","false","interacts with","Porphyromonas (interacts with) Prevotella"
"1905","1905","1.4561967513235","1.15882353","1","interacts with","Porphyromonas (interacts with) Rothia","false","interacts with","Porphyromonas (interacts with) Rothia"
"1906","1906","-0.803239848854356","1.04545455","-1","interacts with","Porphyromonas (interacts with) Streptococcus","false","interacts with","Porphyromonas (interacts with) Streptococcus"
"1907","1907","20.961162235351697","1.0","1","interacts with","Porphyromonas (interacts with) Veillonella","false","interacts with","Porphyromonas (interacts with) Veillonella"
"1908","1908","12.6239223146166","1.04761905","1","interacts with","Porphyromonas (interacts with) Klebsiella","false","interacts with","Porphyromonas (interacts with) Klebsiella"
"1909","1909","5.48024251474704","1.1031746","1","interacts with","Porphyromonas (interacts with) Moraxella","false","interacts with","Porphyromonas (interacts with) Moraxella"
"1910","1910","1.17733873036322","1.22624269","1","interacts with","Porphyromonas (interacts with) Pseudomonas","false","interacts with","Porphyromonas (interacts with) Pseudomonas"
"1911","1911","4.67200801929961","1.04761905","1","interacts with","Porphyromonas (interacts with) Aspergillus","false","interacts with","Porphyromonas (interacts with) Aspergillus"
"1912","1912","2.96457905407952","1.05263158","1","interacts with","Porphyromonas (interacts with) Candida","false","interacts with","Porphyromonas (interacts with) Candida"
"1913","1913","-2.78496118709687","1.0","-1","interacts with","Porphyromonas (interacts with) Cryptococcus","false","interacts with","Porphyromonas (interacts with) Cryptococcus"
"1914","1914","-0.346437084377416","1.04761905","-1","interacts with","Porphyromonas (interacts with) Penicillium","false","interacts with","Porphyromonas (interacts with) Penicillium"
"1915","1915","-2.51555505445607","1.0952381","-1","interacts with","Porphyromonas (interacts with) Saccharomyces","false","interacts with","Porphyromonas (interacts with) Saccharomyces"
"1916","1916","0.44961955063960707","1.0","1","interacts with","Porphyromonas (interacts with) unidentified","false","interacts with","Porphyromonas (interacts with) unidentified"
"1917","1917","-2.29279945233006","1.09761905","-1","interacts with","Porphyromonas (interacts with) PIV3","false","interacts with","Porphyromonas (interacts with) PIV3"
"1918","1918","2.17199529650236","1.22331871","1","interacts with","Porphyromonas (interacts with) RV","false","interacts with","Porphyromonas (interacts with) RV"
"1919","1919","4.041517464160201","1.04545455","1","interacts with","Prevotella (interacts with) Actinobacillus","false","interacts with","Prevotella (interacts with) Actinobacillus"
"1920","1920","23.9786822155453","1.05263158","1","interacts with","Prevotella (interacts with) Actinomyces","false","interacts with","Prevotella (interacts with) Actinomyces"
"1921","1921","35.450219594771205","1.04761905","1","interacts with","Prevotella (interacts with) Fusobacterium","false","interacts with","Prevotella (interacts with) Fusobacterium"
"1922","1922","11.6184721751598","1.10555556","1","interacts with","Prevotella (interacts with) Gemella","false","interacts with","Prevotella (interacts with) Gemella"
"1923","1923","6.393243162000821","1.05263158","1","interacts with","Prevotella (interacts with) Granulicatella","false","interacts with","Prevotella (interacts with) Granulicatella"
"1924","1924","-6.992909224249929","1.0","-1","interacts with","Prevotella (interacts with) Haemophilus","false","interacts with","Prevotella (interacts with) Haemophilus"
"1925","1925","73.1435827907625","1.0","1","interacts with","Prevotella (interacts with) Leptotrichia","false","interacts with","Prevotella (interacts with) Leptotrichia"
"1926","1926","8.12237196182663","1.04761905","1","interacts with","Prevotella (interacts with) Neisseria","false","interacts with","Prevotella (interacts with) Neisseria"
"1927","1927","11.233593264525002","1.0","1","interacts with","Prevotella (interacts with) Porphyromonas","false","interacts with","Prevotella (interacts with) Porphyromonas"
"1928","1928","3.15604514376773","1.15882353","1","interacts with","Prevotella (interacts with) Rothia","false","interacts with","Prevotella (interacts with) Rothia"
"1929","1929","-0.174237703857169","1.04545455","-1","interacts with","Prevotella (interacts with) Streptococcus","false","interacts with","Prevotella (interacts with) Streptococcus"
"1930","1930","38.4026106829062","1.0","1","interacts with","Prevotella (interacts with) Veillonella","false","interacts with","Prevotella (interacts with) Veillonella"
"1931","1931","8.79416977894623","1.04761905","1","interacts with","Prevotella (interacts with) Klebsiella","false","interacts with","Prevotella (interacts with) Klebsiella"
"1932","1932","1.8177561764575498","1.1031746","1","interacts with","Prevotella (interacts with) Moraxella","false","interacts with","Prevotella (interacts with) Moraxella"
"1933","1933","1.41052541865056","1.22624269","1","interacts with","Prevotella (interacts with) Pseudomonas","false","interacts with","Prevotella (interacts with) Pseudomonas"
"1934","1934","5.5446613563936","1.04761905","1","interacts with","Prevotella (interacts with) Aspergillus","false","interacts with","Prevotella (interacts with) Aspergillus"
"1935","1935","3.42866531341461","1.05263158","1","interacts with","Prevotella (interacts with) Candida","false","interacts with","Prevotella (interacts with) Candida"
"1936","1936","-5.336656212514121","1.0","-1","interacts with","Prevotella (interacts with) Cryptococcus","false","interacts with","Prevotella (interacts with) Cryptococcus"
"1937","1937","-3.0703031535874397","1.04761905","-1","interacts with","Prevotella (interacts with) Penicillium","false","interacts with","Prevotella (interacts with) Penicillium"
"1938","1938","2.0726833687540003","1.0952381","1","interacts with","Prevotella (interacts with) Saccharomyces","false","interacts with","Prevotella (interacts with) Saccharomyces"
"1939","1939","-2.78041119990748","1.0","-1","interacts with","Prevotella (interacts with) unidentified","false","interacts with","Prevotella (interacts with) unidentified"
"1940","1940","-1.21921388911834","1.09761905","-1","interacts with","Prevotella (interacts with) PIV3","false","interacts with","Prevotella (interacts with) PIV3"
"1941","1941","1.1485246993290301","1.22331871","1","interacts with","Prevotella (interacts with) RV","false","interacts with","Prevotella (interacts with) RV"
"1942","1942","0.661690825474511","1.14862915","1","interacts with","Rothia (interacts with) Actinobacillus","false","interacts with","Rothia (interacts with) Actinobacillus"
"1943","1943","18.081523779107897","1.15580618","1","interacts with","Rothia (interacts with) Actinomyces","false","interacts with","Rothia (interacts with) Actinomyces"
"1944","1944","1.53412137916859","1.15079365","1","interacts with","Rothia (interacts with) Fusobacterium","false","interacts with","Rothia (interacts with) Fusobacterium"
"1945","1945","4.3167487555671205","1.20873016","1","interacts with","Rothia (interacts with) Gemella","false","interacts with","Rothia (interacts with) Gemella"
"1946","1946","6.978852764893481","1.15580618","1","interacts with","Rothia (interacts with) Granulicatella","false","interacts with","Rothia (interacts with) Granulicatella"
"1947","1947","-6.39298634582858","1.1031746","-1","interacts with","Rothia (interacts with) Haemophilus","false","interacts with","Rothia (interacts with) Haemophilus"
"1948","1948","1.02195295057625","1.1031746","1","interacts with","Rothia (interacts with) Leptotrichia","false","interacts with","Rothia (interacts with) Leptotrichia"
"1949","1949","-2.11002916091417","1.15079365","-1","interacts with","Rothia (interacts with) Neisseria","false","interacts with","Rothia (interacts with) Neisseria"
"1950","1950","1.4561967513235","1.1031746","1","interacts with","Rothia (interacts with) Porphyromonas","false","interacts with","Rothia (interacts with) Porphyromonas"
"1951","1951","-8.6909021427788","1.1031746","-1","interacts with","Rothia (interacts with) Prevotella","false","interacts with","Rothia (interacts with) Prevotella"
"1952","1952","2.22763789559467","1.14862915","1","interacts with","Rothia (interacts with) Streptococcus","false","interacts with","Rothia (interacts with) Streptococcus"
"1953","1953","6.254702773689059","1.1031746","1","interacts with","Rothia (interacts with) Veillonella","false","interacts with","Rothia (interacts with) Veillonella"
"1954","1954","0.0701712742788314","1.15079365","1","interacts with","Rothia (interacts with) Klebsiella","false","interacts with","Rothia (interacts with) Klebsiella"
"1955","1955","1.37473064661667","1.0952381","1","interacts with","Rothia (interacts with) Moraxella","false","interacts with","Rothia (interacts with) Moraxella"
"1956","1956","8.795305293375929","1.04761905","1","interacts with","Rothia (interacts with) Candida","false","interacts with","Rothia (interacts with) Candida"
"1957","1957","1.1859551959286698","1.1031746","1","interacts with","Rothia (interacts with) Cryptococcus","false","interacts with","Rothia (interacts with) Cryptococcus"
"1958","1958","0.290041064260557","1.15079365","1","interacts with","Rothia (interacts with) Penicillium","false","interacts with","Rothia (interacts with) Penicillium"
"1959","1959","0.0865334822416335","1.1984127","1","interacts with","Rothia (interacts with) Saccharomyces","false","interacts with","Rothia (interacts with) Saccharomyces"
"1960","1960","2.4785592928091003","1.1031746","1","interacts with","Rothia (interacts with) unidentified","false","interacts with","Rothia (interacts with) unidentified"
"1961","1961","0.319333081793649","1.20079365","1","interacts with","Rothia (interacts with) PIV3","false","interacts with","Rothia (interacts with) PIV3"
"1962","1962","0.8465875284480501","1.20843776","1","interacts with","Rothia (interacts with) RV","false","interacts with","Rothia (interacts with) RV"
"1963","1963","-6.38516776589667","1.09808612","-1","interacts with","Streptococcus (interacts with) Actinomyces","false","interacts with","Streptococcus (interacts with) Actinomyces"
"1964","1964","-19.9932122278458","1.09307359","-1","interacts with","Streptococcus (interacts with) Fusobacterium","false","interacts with","Streptococcus (interacts with) Fusobacterium"
"1965","1965","-1.16493257500175","1.1510101","-1","interacts with","Streptococcus (interacts with) Gemella","false","interacts with","Streptococcus (interacts with) Gemella"
"1966","1966","-1.6959872064884498","1.09808612","-1","interacts with","Streptococcus (interacts with) Granulicatella","false","interacts with","Streptococcus (interacts with) Granulicatella"
"1967","1967","19.937141487103897","1.04545455","1","interacts with","Streptococcus (interacts with) Haemophilus","false","interacts with","Streptococcus (interacts with) Haemophilus"
"1968","1968","-1.65515986352355","1.04545455","-1","interacts with","Streptococcus (interacts with) Leptotrichia","false","interacts with","Streptococcus (interacts with) Leptotrichia"
"1969","1969","-3.0429089849201296","1.09307359","-1","interacts with","Streptococcus (interacts with) Neisseria","false","interacts with","Streptococcus (interacts with) Neisseria"
"1970","1970","-0.803239848854356","1.04545455","-1","interacts with","Streptococcus (interacts with) Porphyromonas","false","interacts with","Streptococcus (interacts with) Porphyromonas"
"1971","1971","-0.174237703857169","1.04545455","-1","interacts with","Streptococcus (interacts with) Prevotella","false","interacts with","Streptococcus (interacts with) Prevotella"
"1972","1972","-0.814545722908119","1.20427807","-1","interacts with","Streptococcus (interacts with) Rothia","false","interacts with","Streptococcus (interacts with) Rothia"
"1973","1973","-15.1550189558359","1.04545455","-1","interacts with","Streptococcus (interacts with) Veillonella","false","interacts with","Streptococcus (interacts with) Veillonella"
"1974","1974","-0.8529616926315821","1.09307359","-1","interacts with","Streptococcus (interacts with) Klebsiella","false","interacts with","Streptococcus (interacts with) Klebsiella"
"1975","1975","-0.8636158221991801","1.14862915","-1","interacts with","Streptococcus (interacts with) Moraxella","false","interacts with","Streptococcus (interacts with) Moraxella"
"1976","1976","-11.993259428823302","1.27169724","-1","interacts with","Streptococcus (interacts with) Pseudomonas","false","interacts with","Streptococcus (interacts with) Pseudomonas"
"1977","1977","-0.8369787105531751","1.09307359","-1","interacts with","Streptococcus (interacts with) Aspergillus","false","interacts with","Streptococcus (interacts with) Aspergillus"
"1978","1978","28.6453021971343","1.09808612","1","interacts with","Streptococcus (interacts with) Candida","false","interacts with","Streptococcus (interacts with) Candida"
"1979","1979","10.3196524296115","1.04545455","1","interacts with","Streptococcus (interacts with) Cryptococcus","false","interacts with","Streptococcus (interacts with) Cryptococcus"
"1980","1980","3.17606668348621","1.09307359","1","interacts with","Streptococcus (interacts with) Penicillium","false","interacts with","Streptococcus (interacts with) Penicillium"
"1981","1981","8.69362685584338","1.14069264","1","interacts with","Streptococcus (interacts with) Saccharomyces","false","interacts with","Streptococcus (interacts with) Saccharomyces"
"1982","1982","9.70005824986668","1.04545455","1","interacts with","Streptococcus (interacts with) unidentified","false","interacts with","Streptococcus (interacts with) unidentified"
"1983","1983","-0.75039444303462","1.14307359","-1","interacts with","Streptococcus (interacts with) PIV3","false","interacts with","Streptococcus (interacts with) PIV3"
"1984","1984","-8.97588689805552","1.26877326","-1","interacts with","Streptococcus (interacts with) RV","false","interacts with","Streptococcus (interacts with) RV"
"1985","1985","3.4294958728274","1.04545455","1","interacts with","Veillonella (interacts with) Actinobacillus","false","interacts with","Veillonella (interacts with) Actinobacillus"
"1986","1986","35.916469864613205","1.05263158","1","interacts with","Veillonella (interacts with) Actinomyces","false","interacts with","Veillonella (interacts with) Actinomyces"
"1987","1987","10.726251630024","1.04761905","1","interacts with","Veillonella (interacts with) Fusobacterium","false","interacts with","Veillonella (interacts with) Fusobacterium"
"1988","1988","8.907990674421589","1.10555556","1","interacts with","Veillonella (interacts with) Gemella","false","interacts with","Veillonella (interacts with) Gemella"
"1989","1989","7.21350889708776","1.05263158","1","interacts with","Veillonella (interacts with) Granulicatella","false","interacts with","Veillonella (interacts with) Granulicatella"
"1990","1990","2.4584480884912003","1.0","1","interacts with","Veillonella (interacts with) Haemophilus","false","interacts with","Veillonella (interacts with) Haemophilus"
"1991","1991","11.4509675716153","1.0","1","interacts with","Veillonella (interacts with) Leptotrichia","false","interacts with","Veillonella (interacts with) Leptotrichia"
"1992","1992","8.24327618173237","1.04761905","1","interacts with","Veillonella (interacts with) Neisseria","false","interacts with","Veillonella (interacts with) Neisseria"
"1993","1993","20.961162235351697","1.0","1","interacts with","Veillonella (interacts with) Porphyromonas","false","interacts with","Veillonella (interacts with) Porphyromonas"
"1994","1994","36.4183081632824","1.0","1","interacts with","Veillonella (interacts with) Prevotella","false","interacts with","Veillonella (interacts with) Prevotella"
"1995","1995","6.254702773689059","1.15882353","1","interacts with","Veillonella (interacts with) Rothia","false","interacts with","Veillonella (interacts with) Rothia"
"1996","1996","-3.01596856586281","1.04545455","-1","interacts with","Veillonella (interacts with) Streptococcus","false","interacts with","Veillonella (interacts with) Streptococcus"
"1997","1997","5.86928088109756","1.04761905","1","interacts with","Veillonella (interacts with) Klebsiella","false","interacts with","Veillonella (interacts with) Klebsiella"
"1998","1998","2.7416505412770498","1.1031746","1","interacts with","Veillonella (interacts with) Moraxella","false","interacts with","Veillonella (interacts with) Moraxella"
"1999","1999","1.47012479679638","1.22624269","1","interacts with","Veillonella (interacts with) Pseudomonas","false","interacts with","Veillonella (interacts with) Pseudomonas"
"2000","2000","5.91918744208427","1.04761905","1","interacts with","Veillonella (interacts with) Aspergillus","false","interacts with","Veillonella (interacts with) Aspergillus"
"2001","2001","3.3374483741885603","1.05263158","1","interacts with","Veillonella (interacts with) Candida","false","interacts with","Veillonella (interacts with) Candida"
"2002","2002","-7.00444958818382","1.0","-1","interacts with","Veillonella (interacts with) Cryptococcus","false","interacts with","Veillonella (interacts with) Cryptococcus"
"2003","2003","-4.0112453126190495","1.04761905","-1","interacts with","Veillonella (interacts with) Penicillium","false","interacts with","Veillonella (interacts with) Penicillium"
"2004","2004","-1.22341442067749","1.0952381","-1","interacts with","Veillonella (interacts with) Saccharomyces","false","interacts with","Veillonella (interacts with) Saccharomyces"
"2005","2005","-2.8488285581346697","1.0","-1","interacts with","Veillonella (interacts with) unidentified","false","interacts with","Veillonella (interacts with) unidentified"
"2006","2006","-0.254420847307567","1.09761905","-1","interacts with","Veillonella (interacts with) PIV3","false","interacts with","Veillonella (interacts with) PIV3"
"2007","2007","3.9772601426923706","1.22331871","1","interacts with","Veillonella (interacts with) RV","false","interacts with","Veillonella (interacts with) RV"
"2008","2008","5.90171287273168","1.09307359","1","interacts with","Klebsiella (interacts with) Actinobacillus","false","interacts with","Klebsiella (interacts with) Actinobacillus"
"2009","2009","5.31510180632468","1.10025063","1","interacts with","Klebsiella (interacts with) Actinomyces","false","interacts with","Klebsiella (interacts with) Actinomyces"
"2010","2010","9.181305492057302","1.0952381","1","interacts with","Klebsiella (interacts with) Fusobacterium","false","interacts with","Klebsiella (interacts with) Fusobacterium"
"2011","2011","5.89059241652799","1.1531746","1","interacts with","Klebsiella (interacts with) Gemella","false","interacts with","Klebsiella (interacts with) Gemella"
"2012","2012","-0.8009241288267779","1.10025063","-1","interacts with","Klebsiella (interacts with) Granulicatella","false","interacts with","Klebsiella (interacts with) Granulicatella"
"2013","2013","-3.8830262262626998","1.04761905","-1","interacts with","Klebsiella (interacts with) Haemophilus","false","interacts with","Klebsiella (interacts with) Haemophilus"
"2014","2014","6.279596856009429","1.04761905","1","interacts with","Klebsiella (interacts with) Leptotrichia","false","interacts with","Klebsiella (interacts with) Leptotrichia"
"2015","2015","2.93412038502307","1.0","1","interacts with","Klebsiella (interacts with) Neisseria","false","interacts with","Klebsiella (interacts with) Neisseria"
"2016","2016","12.6239223146166","1.04761905","1","interacts with","Klebsiella (interacts with) Porphyromonas","false","interacts with","Klebsiella (interacts with) Porphyromonas"
"2017","2017","8.79416977894623","1.04761905","1","interacts with","Klebsiella (interacts with) Prevotella","false","interacts with","Klebsiella (interacts with) Prevotella"
"2018","2018","0.0701712742788314","1.20644258","1","interacts with","Klebsiella (interacts with) Rothia","false","interacts with","Klebsiella (interacts with) Rothia"
"2019","2019","-0.8529616926315821","1.09307359","-1","interacts with","Klebsiella (interacts with) Streptococcus","false","interacts with","Klebsiella (interacts with) Streptococcus"
"2020","2020","5.86928088109756","1.04761905","1","interacts with","Klebsiella (interacts with) Veillonella","false","interacts with","Klebsiella (interacts with) Veillonella"
"2021","2021","-1.08001116643703","1.15079365","-1","interacts with","Klebsiella (interacts with) Moraxella","false","interacts with","Klebsiella (interacts with) Moraxella"
"2022","2022","0.708793444194577","1.27386174","1","interacts with","Klebsiella (interacts with) Pseudomonas","false","interacts with","Klebsiella (interacts with) Pseudomonas"
"2023","2023","2.66263795675935","1.0952381","1","interacts with","Klebsiella (interacts with) Aspergillus","false","interacts with","Klebsiella (interacts with) Aspergillus"
"2024","2024","1.14800215465094","1.10025063","1","interacts with","Klebsiella (interacts with) Candida","false","interacts with","Klebsiella (interacts with) Candida"
"2025","2025","-3.7589214235252704","1.04761905","-1","interacts with","Klebsiella (interacts with) Cryptococcus","false","interacts with","Klebsiella (interacts with) Cryptococcus"
"2026","2026","-3.43961982162799","1.0952381","-1","interacts with","Klebsiella (interacts with) Penicillium","false","interacts with","Klebsiella (interacts with) Penicillium"
"2027","2027","-0.43478974939558","1.04761905","-1","interacts with","Klebsiella (interacts with) unidentified","false","interacts with","Klebsiella (interacts with) unidentified"
"2028","2028","1.10520549824881","1.1452381","1","interacts with","Klebsiella (interacts with) PIV3","false","interacts with","Klebsiella (interacts with) PIV3"
"2029","2029","-0.6888761569239311","1.27093776","-1","interacts with","Klebsiella (interacts with) RV","false","interacts with","Klebsiella (interacts with) RV"
"2030","2030","0.0291272438539618","1.14862915","1","interacts with","Moraxella (interacts with) Actinobacillus","false","interacts with","Moraxella (interacts with) Actinobacillus"
"2031","2031","1.68143909353147","1.15580618","1","interacts with","Moraxella (interacts with) Actinomyces","false","interacts with","Moraxella (interacts with) Actinomyces"
"2032","2032","1.5971734650334701","1.15079365","1","interacts with","Moraxella (interacts with) Fusobacterium","false","interacts with","Moraxella (interacts with) Fusobacterium"
"2033","2033","3.0374508093976402","1.20873016","1","interacts with","Moraxella (interacts with) Gemella","false","interacts with","Moraxella (interacts with) Gemella"
"2034","2034","3.9143900262149702","1.15580618","1","interacts with","Moraxella (interacts with) Granulicatella","false","interacts with","Moraxella (interacts with) Granulicatella"
"2035","2035","-1.8589610023093501","1.1031746","-1","interacts with","Moraxella (interacts with) Haemophilus","false","interacts with","Moraxella (interacts with) Haemophilus"
"2036","2036","1.1113321984125701","1.1031746","1","interacts with","Moraxella (interacts with) Leptotrichia","false","interacts with","Moraxella (interacts with) Leptotrichia"
"2037","2037","0.692244355956413","1.15079365","1","interacts with","Moraxella (interacts with) Neisseria","false","interacts with","Moraxella (interacts with) Neisseria"
"2038","2038","5.48024251474704","1.1031746","1","interacts with","Moraxella (interacts with) Porphyromonas","false","interacts with","Moraxella (interacts with) Porphyromonas"
"2039","2039","1.8177561764575498","1.1031746","1","interacts with","Moraxella (interacts with) Prevotella","false","interacts with","Moraxella (interacts with) Prevotella"
"2040","2040","1.37473064661667","1.14761905","1","interacts with","Moraxella (interacts with) Rothia","false","interacts with","Moraxella (interacts with) Rothia"
"2041","2041","-0.8636158221991801","1.14862915","-1","interacts with","Moraxella (interacts with) Streptococcus","false","interacts with","Moraxella (interacts with) Streptococcus"
"2042","2042","2.7416505412770498","1.1031746","1","interacts with","Moraxella (interacts with) Veillonella","false","interacts with","Moraxella (interacts with) Veillonella"
"2043","2043","-1.08001116643703","1.15079365","-1","interacts with","Moraxella (interacts with) Klebsiella","false","interacts with","Moraxella (interacts with) Klebsiella"
"2044","2044","2.79807748635907","1.15079365","1","interacts with","Moraxella (interacts with) Aspergillus","false","interacts with","Moraxella (interacts with) Aspergillus"
"2045","2045","1.0880002284807901","1.04761905","1","interacts with","Moraxella (interacts with) Candida","false","interacts with","Moraxella (interacts with) Candida"
"2046","2046","-1.27633825876619","1.1031746","-1","interacts with","Moraxella (interacts with) Cryptococcus","false","interacts with","Moraxella (interacts with) Cryptococcus"
"2047","2047","-0.695014683992264","1.1984127","-1","interacts with","Moraxella (interacts with) Saccharomyces","false","interacts with","Moraxella (interacts with) Saccharomyces"
"2048","2048","4.94960331165371","1.1031746","1","interacts with","Moraxella (interacts with) unidentified","false","interacts with","Moraxella (interacts with) unidentified"
"2049","2049","1.55071525409976","1.20079365","1","interacts with","Moraxella (interacts with) PIV3","false","interacts with","Moraxella (interacts with) PIV3"
"2050","2050","0.8113967348109441","1.20843776","1","interacts with","Moraxella (interacts with) RV","false","interacts with","Moraxella (interacts with) RV"
"2051","2051","2.28899779539198","1.27496521","1","interacts with","Pseudomonas (interacts with) Actinobacillus","false","interacts with","Pseudomonas (interacts with) Actinobacillus"
"2052","2052","3.70157474983754","1.16701066","1","interacts with","Pseudomonas (interacts with) Actinomyces","false","interacts with","Pseudomonas (interacts with) Actinomyces"
"2053","2053","1.28013405142828","1.27712971","1","interacts with","Pseudomonas (interacts with) Fusobacterium","false","interacts with","Pseudomonas (interacts with) Fusobacterium"
"2054","2054","1.4434903949073703","1.21701066","1","interacts with","Pseudomonas (interacts with) Gemella","false","interacts with","Pseudomonas (interacts with) Gemella"
"2055","2055","5.29019726218075","1.16701066","1","interacts with","Pseudomonas (interacts with) Granulicatella","false","interacts with","Pseudomonas (interacts with) Granulicatella"
"2056","2056","4.50498798885138","1.22951066","1","interacts with","Pseudomonas (interacts with) Haemophilus","false","interacts with","Pseudomonas (interacts with) Haemophilus"
"2057","2057","2.50222051217877","1.22951066","1","interacts with","Pseudomonas (interacts with) Leptotrichia","false","interacts with","Pseudomonas (interacts with) Leptotrichia"
"2058","2058","5.285983000907519","1.27712971","1","interacts with","Pseudomonas (interacts with) Neisseria","false","interacts with","Pseudomonas (interacts with) Neisseria"
"2059","2059","1.17733873036322","1.22951066","1","interacts with","Pseudomonas (interacts with) Porphyromonas","false","interacts with","Pseudomonas (interacts with) Porphyromonas"
"2060","2060","1.41052541865056","1.22951066","1","interacts with","Pseudomonas (interacts with) Prevotella","false","interacts with","Pseudomonas (interacts with) Prevotella"
"2061","2061","-2.20073092698049","1.27496521","-1","interacts with","Pseudomonas (interacts with) Streptococcus","false","interacts with","Pseudomonas (interacts with) Streptococcus"
"2062","2062","1.47012479679638","1.22951066","1","interacts with","Pseudomonas (interacts with) Veillonella","false","interacts with","Pseudomonas (interacts with) Veillonella"
"2063","2063","0.708793444194577","1.27712971","1","interacts with","Pseudomonas (interacts with) Klebsiella","false","interacts with","Pseudomonas (interacts with) Klebsiella"
"2064","2064","1.0022507057547199","1.17068713","1","interacts with","Pseudomonas (interacts with) Aspergillus","false","interacts with","Pseudomonas (interacts with) Aspergillus"
"2065","2065","0.25194231453709603","1.22951066","1","interacts with","Pseudomonas (interacts with) Cryptococcus","false","interacts with","Pseudomonas (interacts with) Cryptococcus"
"2066","2066","0.582199006903077","1.17395511","1","interacts with","Pseudomonas (interacts with) Penicillium","false","interacts with","Pseudomonas (interacts with) Penicillium"
"2067","2067","-1.3116862933873799","1.32474876","-1","interacts with","Pseudomonas (interacts with) Saccharomyces","false","interacts with","Pseudomonas (interacts with) Saccharomyces"
"2068","2068","3.0193115336086898","1.17068713","1","interacts with","Pseudomonas (interacts with) unidentified","false","interacts with","Pseudomonas (interacts with) unidentified"
"2069","2069","3.79347243341667","1.32712971","1","interacts with","Pseudomonas (interacts with) PIV3","false","interacts with","Pseudomonas (interacts with) PIV3"
"2070","2070","2.48295829104684","1.09545455","1","interacts with","Aspergillus (interacts with) Actinobacillus","false","interacts with","Aspergillus (interacts with) Actinobacillus"
"2071","2071","5.7881989289922595","1.10263158","1","interacts with","Aspergillus (interacts with) Actinomyces","false","interacts with","Aspergillus (interacts with) Actinomyces"
"2072","2072","12.295701704804802","1.09761905","1","interacts with","Aspergillus (interacts with) Fusobacterium","false","interacts with","Aspergillus (interacts with) Fusobacterium"
"2073","2073","3.14467168851905","1.15555556","1","interacts with","Aspergillus (interacts with) Gemella","false","interacts with","Aspergillus (interacts with) Gemella"
"2074","2074","0.647605157471353","1.10263158","1","interacts with","Aspergillus (interacts with) Granulicatella","false","interacts with","Aspergillus (interacts with) Granulicatella"
"2075","2075","-1.26351983711386","1.05","-1","interacts with","Aspergillus (interacts with) Haemophilus","false","interacts with","Aspergillus (interacts with) Haemophilus"
"2076","2076","6.459796666936799","1.05","1","interacts with","Aspergillus (interacts with) Leptotrichia","false","interacts with","Aspergillus (interacts with) Leptotrichia"
"2077","2077","3.59303466864125","1.09761905","1","interacts with","Aspergillus (interacts with) Neisseria","false","interacts with","Aspergillus (interacts with) Neisseria"
"2078","2078","4.67200801929961","1.05","1","interacts with","Aspergillus (interacts with) Porphyromonas","false","interacts with","Aspergillus (interacts with) Porphyromonas"
"2079","2079","5.5446613563936","1.05","1","interacts with","Aspergillus (interacts with) Prevotella","false","interacts with","Aspergillus (interacts with) Prevotella"
"2080","2080","-0.8369787105531751","1.09545455","-1","interacts with","Aspergillus (interacts with) Streptococcus","false","interacts with","Aspergillus (interacts with) Streptococcus"
"2081","2081","5.91918744208427","1.05","1","interacts with","Aspergillus (interacts with) Veillonella","false","interacts with","Aspergillus (interacts with) Veillonella"
"2082","2082","2.66263795675935","1.09761905","1","interacts with","Aspergillus (interacts with) Klebsiella","false","interacts with","Aspergillus (interacts with) Klebsiella"
"2083","2083","2.79807748635907","1.1531746","1","interacts with","Aspergillus (interacts with) Moraxella","false","interacts with","Aspergillus (interacts with) Moraxella"
"2084","2084","1.0022507057547199","1.17068713","1","interacts with","Aspergillus (interacts with) Pseudomonas","false","interacts with","Aspergillus (interacts with) Pseudomonas"
"2085","2085","2.18948058328146","1.10263158","1","interacts with","Aspergillus (interacts with) Candida","false","interacts with","Aspergillus (interacts with) Candida"
"2086","2086","-3.7521812714400697","1.05","-1","interacts with","Aspergillus (interacts with) Cryptococcus","false","interacts with","Aspergillus (interacts with) Cryptococcus"
"2087","2087","-0.607678457697564","1.09761905","-1","interacts with","Aspergillus (interacts with) Penicillium","false","interacts with","Aspergillus (interacts with) Penicillium"
"2088","2088","-1.59364735744647","1.1452381","-1","interacts with","Aspergillus (interacts with) Saccharomyces","false","interacts with","Aspergillus (interacts with) Saccharomyces"
"2089","2089","0.873937610434335","1.0","1","interacts with","Aspergillus (interacts with) unidentified","false","interacts with","Aspergillus (interacts with) unidentified"
"2090","2090","0.033737722131175","1.14761905","1","interacts with","Aspergillus (interacts with) PIV3","false","interacts with","Aspergillus (interacts with) PIV3"
"2091","2091","0.42457449634939","1.27331871","1","interacts with","Aspergillus (interacts with) RV","false","interacts with","Aspergillus (interacts with) RV"
"2092","2092","1.7476498036252799","1.09808612","1","interacts with","Candida (interacts with) Actinobacillus","false","interacts with","Candida (interacts with) Actinobacillus"
"2093","2093","11.616659219843699","1.10526316","1","interacts with","Candida (interacts with) Actinomyces","false","interacts with","Candida (interacts with) Actinomyces"
"2094","2094","62.524725294007794","1.10025063","1","interacts with","Candida (interacts with) Fusobacterium","false","interacts with","Candida (interacts with) Fusobacterium"
"2095","2095","1.0512092942145501","1.15818713","1","interacts with","Candida (interacts with) Gemella","false","interacts with","Candida (interacts with) Gemella"
"2096","2096","11.2621670010131","1.10526316","1","interacts with","Candida (interacts with) Granulicatella","false","interacts with","Candida (interacts with) Granulicatella"
"2097","2097","8.74881003867","1.05263158","1","interacts with","Candida (interacts with) Haemophilus","false","interacts with","Candida (interacts with) Haemophilus"
"2098","2098","-0.0395997346672053","1.05263158","-1","interacts with","Candida (interacts with) Leptotrichia","false","interacts with","Candida (interacts with) Leptotrichia"
"2099","2099","0.781835384514545","1.10025063","1","interacts with","Candida (interacts with) Neisseria","false","interacts with","Candida (interacts with) Neisseria"
"2100","2100","2.96457905407952","1.05263158","1","interacts with","Candida (interacts with) Porphyromonas","false","interacts with","Candida (interacts with) Porphyromonas"
"2101","2101","3.42866531341461","1.05263158","1","interacts with","Candida (interacts with) Prevotella","false","interacts with","Candida (interacts with) Prevotella"
"2102","2102","8.204035145405639","1.1","1","interacts with","Candida (interacts with) Rothia","false","interacts with","Candida (interacts with) Rothia"
"2103","2103","28.6453021971343","1.09808612","1","interacts with","Candida (interacts with) Streptococcus","false","interacts with","Candida (interacts with) Streptococcus"
"2104","2104","3.3374483741885603","1.05263158","1","interacts with","Candida (interacts with) Veillonella","false","interacts with","Candida (interacts with) Veillonella"
"2105","2105","1.14800215465094","1.10025063","1","interacts with","Candida (interacts with) Klebsiella","false","interacts with","Candida (interacts with) Klebsiella"
"2106","2106","1.0880002284807901","1.04761905","1","interacts with","Candida (interacts with) Moraxella","false","interacts with","Candida (interacts with) Moraxella"
"2107","2107","2.18948058328146","1.10025063","1","interacts with","Candida (interacts with) Aspergillus","false","interacts with","Candida (interacts with) Aspergillus"
"2108","2108","12.2354947346297","1.05263158","1","interacts with","Candida (interacts with) Cryptococcus","false","interacts with","Candida (interacts with) Cryptococcus"
"2109","2109","-12.6300963336049","1.10025063","-1","interacts with","Candida (interacts with) Penicillium","false","interacts with","Candida (interacts with) Penicillium"
"2110","2110","-3.41838288823001","1.14786967","-1","interacts with","Candida (interacts with) Saccharomyces","false","interacts with","Candida (interacts with) Saccharomyces"
"2111","2111","-43.2356666539451","1.05263158","-1","interacts with","Candida (interacts with) unidentified","false","interacts with","Candida (interacts with) unidentified"
"2112","2112","2.88816566429566","1.15025063","1","interacts with","Candida (interacts with) PIV3","false","interacts with","Candida (interacts with) PIV3"
"2113","2113","0.559359597451944","1.16081871","1","interacts with","Candida (interacts with) RV","false","interacts with","Candida (interacts with) RV"
"2114","2114","-3.36408970705204","1.04545455","-1","interacts with","Cryptococcus (interacts with) Actinobacillus","false","interacts with","Cryptococcus (interacts with) Actinobacillus"
"2115","2115","-2.84198415991447","1.05263158","-1","interacts with","Cryptococcus (interacts with) Actinomyces","false","interacts with","Cryptococcus (interacts with) Actinomyces"
"2116","2116","-5.618860734959049","1.04761905","-1","interacts with","Cryptococcus (interacts with) Fusobacterium","false","interacts with","Cryptococcus (interacts with) Fusobacterium"
"2117","2117","-1.04455964124219","1.10555556","-1","interacts with","Cryptococcus (interacts with) Gemella","false","interacts with","Cryptococcus (interacts with) Gemella"
"2118","2118","15.3110877256058","1.05263158","1","interacts with","Cryptococcus (interacts with) Granulicatella","false","interacts with","Cryptococcus (interacts with) Granulicatella"
"2119","2119","7.45924624380134","1.0","1","interacts with","Cryptococcus (interacts with) Haemophilus","false","interacts with","Cryptococcus (interacts with) Haemophilus"
"2120","2120","-4.53647665373505","1.0","-1","interacts with","Cryptococcus (interacts with) Leptotrichia","false","interacts with","Cryptococcus (interacts with) Leptotrichia"
"2121","2121","-4.16657112267452","1.04761905","-1","interacts with","Cryptococcus (interacts with) Neisseria","false","interacts with","Cryptococcus (interacts with) Neisseria"
"2122","2122","-2.78496118709687","1.0","-1","interacts with","Cryptococcus (interacts with) Porphyromonas","false","interacts with","Cryptococcus (interacts with) Porphyromonas"
"2123","2123","-5.336656212514121","1.0","-1","interacts with","Cryptococcus (interacts with) Prevotella","false","interacts with","Cryptococcus (interacts with) Prevotella"
"2124","2124","1.1859551959286698","1.15882353","1","interacts with","Cryptococcus (interacts with) Rothia","false","interacts with","Cryptococcus (interacts with) Rothia"
"2125","2125","4.752301873168901","1.04545455","1","interacts with","Cryptococcus (interacts with) Streptococcus","false","interacts with","Cryptococcus (interacts with) Streptococcus"
"2126","2126","-7.00444958818382","1.0","-1","interacts with","Cryptococcus (interacts with) Veillonella","false","interacts with","Cryptococcus (interacts with) Veillonella"
"2127","2127","-3.7589214235252704","1.04761905","-1","interacts with","Cryptococcus (interacts with) Klebsiella","false","interacts with","Cryptococcus (interacts with) Klebsiella"
"2128","2128","-1.27633825876619","1.1031746","-1","interacts with","Cryptococcus (interacts with) Moraxella","false","interacts with","Cryptococcus (interacts with) Moraxella"
"2129","2129","0.25194231453709603","1.22624269","1","interacts with","Cryptococcus (interacts with) Pseudomonas","false","interacts with","Cryptococcus (interacts with) Pseudomonas"
"2130","2130","-3.7521812714400697","1.04761905","-1","interacts with","Cryptococcus (interacts with) Aspergillus","false","interacts with","Cryptococcus (interacts with) Aspergillus"
"2131","2131","14.7071371313763","1.05263158","1","interacts with","Cryptococcus (interacts with) Candida","false","interacts with","Cryptococcus (interacts with) Candida"
"2132","2132","10.385576094088801","1.04761905","1","interacts with","Cryptococcus (interacts with) Penicillium","false","interacts with","Cryptococcus (interacts with) Penicillium"
"2133","2133","4.86883061143713","1.0952381","1","interacts with","Cryptococcus (interacts with) Saccharomyces","false","interacts with","Cryptococcus (interacts with) Saccharomyces"
"2134","2134","9.17304053162918","1.0","1","interacts with","Cryptococcus (interacts with) unidentified","false","interacts with","Cryptococcus (interacts with) unidentified"
"2135","2135","-2.6242914279453102","1.09761905","-1","interacts with","Cryptococcus (interacts with) PIV3","false","interacts with","Cryptococcus (interacts with) PIV3"
"2136","2136","-1.5410346114892302","1.22331871","-1","interacts with","Cryptococcus (interacts with) RV","false","interacts with","Cryptococcus (interacts with) RV"
"2137","2137","-2.29084560235439","1.09307359","-1","interacts with","Penicillium (interacts with) Actinobacillus","false","interacts with","Penicillium (interacts with) Actinobacillus"
"2138","2138","-0.5714683036367499","1.10025063","-1","interacts with","Penicillium (interacts with) Actinomyces","false","interacts with","Penicillium (interacts with) Actinomyces"
"2139","2139","-3.3376919411227","1.0952381","-1","interacts with","Penicillium (interacts with) Fusobacterium","false","interacts with","Penicillium (interacts with) Fusobacterium"
"2140","2140","-1.0855807927151802","1.1531746","-1","interacts with","Penicillium (interacts with) Gemella","false","interacts with","Penicillium (interacts with) Gemella"
"2141","2141","15.236274124738","1.10025063","1","interacts with","Penicillium (interacts with) Granulicatella","false","interacts with","Penicillium (interacts with) Granulicatella"
"2142","2142","5.13333840680242","1.04761905","1","interacts with","Penicillium (interacts with) Haemophilus","false","interacts with","Penicillium (interacts with) Haemophilus"
"2143","2143","-2.77332245149787","1.04761905","-1","interacts with","Penicillium (interacts with) Leptotrichia","false","interacts with","Penicillium (interacts with) Leptotrichia"
"2144","2144","-0.745493429695332","1.0952381","-1","interacts with","Penicillium (interacts with) Neisseria","false","interacts with","Penicillium (interacts with) Neisseria"
"2145","2145","-0.346437084377416","1.04761905","-1","interacts with","Penicillium (interacts with) Porphyromonas","false","interacts with","Penicillium (interacts with) Porphyromonas"
"2146","2146","-3.0703031535874397","1.04761905","-1","interacts with","Penicillium (interacts with) Prevotella","false","interacts with","Penicillium (interacts with) Prevotella"
"2147","2147","0.290041064260557","1.20644258","1","interacts with","Penicillium (interacts with) Rothia","false","interacts with","Penicillium (interacts with) Rothia"
"2148","2148","3.17606668348621","1.09307359","1","interacts with","Penicillium (interacts with) Streptococcus","false","interacts with","Penicillium (interacts with) Streptococcus"
"2149","2149","-4.0112453126190495","1.04761905","-1","interacts with","Penicillium (interacts with) Veillonella","false","interacts with","Penicillium (interacts with) Veillonella"
"2150","2150","-3.43961982162799","1.0952381","-1","interacts with","Penicillium (interacts with) Klebsiella","false","interacts with","Penicillium (interacts with) Klebsiella"
"2151","2151","0.582199006903077","1.17068713","1","interacts with","Penicillium (interacts with) Pseudomonas","false","interacts with","Penicillium (interacts with) Pseudomonas"
"2152","2152","-0.607678457697564","1.0952381","-1","interacts with","Penicillium (interacts with) Aspergillus","false","interacts with","Penicillium (interacts with) Aspergillus"
"2153","2153","-1.24494540962381","1.10025063","-1","interacts with","Penicillium (interacts with) Candida","false","interacts with","Penicillium (interacts with) Candida"
"2154","2154","10.385576094088801","1.04761905","1","interacts with","Penicillium (interacts with) Cryptococcus","false","interacts with","Penicillium (interacts with) Cryptococcus"
"2155","2155","3.18153528918683","1.14285714","1","interacts with","Penicillium (interacts with) Saccharomyces","false","interacts with","Penicillium (interacts with) Saccharomyces"
"2156","2156","5.61664617668153","1.04761905","1","interacts with","Penicillium (interacts with) unidentified","false","interacts with","Penicillium (interacts with) unidentified"
"2157","2157","-2.72869096853356","1.1452381","-1","interacts with","Penicillium (interacts with) PIV3","false","interacts with","Penicillium (interacts with) PIV3"
"2158","2158","3.9145094099085402","1.27093776","1","interacts with","Penicillium (interacts with) RV","false","interacts with","Penicillium (interacts with) RV"
"2159","2159","-1.91004138291372","1.14069264","-1","interacts with","Saccharomyces (interacts with) Actinobacillus","false","interacts with","Saccharomyces (interacts with) Actinobacillus"
"2160","2160","3.5816765680141","1.14786967","1","interacts with","Saccharomyces (interacts with) Actinomyces","false","interacts with","Saccharomyces (interacts with) Actinomyces"
"2161","2161","-2.0613657935439096","1.14285714","-1","interacts with","Saccharomyces (interacts with) Fusobacterium","false","interacts with","Saccharomyces (interacts with) Fusobacterium"
"2162","2162","1.26084364640747","1.20079365","1","interacts with","Saccharomyces (interacts with) Gemella","false","interacts with","Saccharomyces (interacts with) Gemella"
"2163","2163","13.255547861823402","1.14786967","1","interacts with","Saccharomyces (interacts with) Granulicatella","false","interacts with","Saccharomyces (interacts with) Granulicatella"
"2164","2164","6.30705121907991","1.0952381","1","interacts with","Saccharomyces (interacts with) Haemophilus","false","interacts with","Saccharomyces (interacts with) Haemophilus"
"2165","2165","10.6049172706903","1.0952381","1","interacts with","Saccharomyces (interacts with) Leptotrichia","false","interacts with","Saccharomyces (interacts with) Leptotrichia"
"2166","2166","-2.51555505445607","1.0952381","-1","interacts with","Saccharomyces (interacts with) Porphyromonas","false","interacts with","Saccharomyces (interacts with) Porphyromonas"
"2167","2167","2.0726833687540003","1.0952381","1","interacts with","Saccharomyces (interacts with) Prevotella","false","interacts with","Saccharomyces (interacts with) Prevotella"
"2168","2168","0.0865334822416335","1.25406162","1","interacts with","Saccharomyces (interacts with) Rothia","false","interacts with","Saccharomyces (interacts with) Rothia"
"2169","2169","8.69362685584338","1.14069264","1","interacts with","Saccharomyces (interacts with) Streptococcus","false","interacts with","Saccharomyces (interacts with) Streptococcus"
"2170","2170","-1.22341442067749","1.0952381","-1","interacts with","Saccharomyces (interacts with) Veillonella","false","interacts with","Saccharomyces (interacts with) Veillonella"
"2171","2171","-0.695014683992264","1.1984127","-1","interacts with","Saccharomyces (interacts with) Moraxella","false","interacts with","Saccharomyces (interacts with) Moraxella"
"2172","2172","-1.3116862933873799","1.32148079","-1","interacts with","Saccharomyces (interacts with) Pseudomonas","false","interacts with","Saccharomyces (interacts with) Pseudomonas"
"2173","2173","-1.59364735744647","1.14285714","-1","interacts with","Saccharomyces (interacts with) Aspergillus","false","interacts with","Saccharomyces (interacts with) Aspergillus"
"2174","2174","9.92789414163827","1.14786967","1","interacts with","Saccharomyces (interacts with) Candida","false","interacts with","Saccharomyces (interacts with) Candida"
"2175","2175","4.86883061143713","1.0952381","1","interacts with","Saccharomyces (interacts with) Cryptococcus","false","interacts with","Saccharomyces (interacts with) Cryptococcus"
"2176","2176","3.18153528918683","1.14285714","1","interacts with","Saccharomyces (interacts with) Penicillium","false","interacts with","Saccharomyces (interacts with) Penicillium"
"2177","2177","4.768337814463219","1.0952381","1","interacts with","Saccharomyces (interacts with) unidentified","false","interacts with","Saccharomyces (interacts with) unidentified"
"2178","2178","2.2966157092657404","1.19285714","1","interacts with","Saccharomyces (interacts with) PIV3","false","interacts with","Saccharomyces (interacts with) PIV3"
"2179","2179","-2.16068758153823","1.31855681","-1","interacts with","Saccharomyces (interacts with) RV","false","interacts with","Saccharomyces (interacts with) RV"
"2180","2180","-0.161025849543288","1.09545455","-1","interacts with","unidentified (interacts with) Actinobacillus","false","interacts with","unidentified (interacts with) Actinobacillus"
"2181","2181","0.7909815788476421","1.10263158","1","interacts with","unidentified (interacts with) Actinomyces","false","interacts with","unidentified (interacts with) Actinomyces"
"2182","2182","0.13093803094635","1.09761905","1","interacts with","unidentified (interacts with) Fusobacterium","false","interacts with","unidentified (interacts with) Fusobacterium"
"2183","2183","0.24927240911954898","1.15555556","1","interacts with","unidentified (interacts with) Gemella","false","interacts with","unidentified (interacts with) Gemella"
"2184","2184","2.9165135386817096","1.10263158","1","interacts with","unidentified (interacts with) Granulicatella","false","interacts with","unidentified (interacts with) Granulicatella"
"2185","2185","2.24140190564954","1.05","1","interacts with","unidentified (interacts with) Haemophilus","false","interacts with","unidentified (interacts with) Haemophilus"
"2186","2186","-0.679392572525043","1.05","-1","interacts with","unidentified (interacts with) Leptotrichia","false","interacts with","unidentified (interacts with) Leptotrichia"
"2187","2187","0.7005245871658771","1.09761905","1","interacts with","unidentified (interacts with) Neisseria","false","interacts with","unidentified (interacts with) Neisseria"
"2188","2188","0.44961955063960707","1.05","1","interacts with","unidentified (interacts with) Porphyromonas","false","interacts with","unidentified (interacts with) Porphyromonas"
"2189","2189","-2.78041119990748","1.05","-1","interacts with","unidentified (interacts with) Prevotella","false","interacts with","unidentified (interacts with) Prevotella"
"2190","2190","3.0767399024874003","1.09545455","1","interacts with","unidentified (interacts with) Streptococcus","false","interacts with","unidentified (interacts with) Streptococcus"
"2191","2191","-2.8488285581346697","1.05","-1","interacts with","unidentified (interacts with) Veillonella","false","interacts with","unidentified (interacts with) Veillonella"
"2192","2192","-0.43478974939558","1.09761905","-1","interacts with","unidentified (interacts with) Klebsiella","false","interacts with","unidentified (interacts with) Klebsiella"
"2193","2193","4.94960331165371","1.1531746","1","interacts with","unidentified (interacts with) Moraxella","false","interacts with","unidentified (interacts with) Moraxella"
"2194","2194","3.0193115336086898","1.22624269","1","interacts with","unidentified (interacts with) Pseudomonas","false","interacts with","unidentified (interacts with) Pseudomonas"
"2195","2195","0.873937610434335","1.04761905","1","interacts with","unidentified (interacts with) Aspergillus","false","interacts with","unidentified (interacts with) Aspergillus"
"2196","2196","7.47306246975","1.10263158","1","interacts with","unidentified (interacts with) Candida","false","interacts with","unidentified (interacts with) Candida"
"2197","2197","9.17304053162918","1.05","1","interacts with","unidentified (interacts with) Cryptococcus","false","interacts with","unidentified (interacts with) Cryptococcus"
"2198","2198","5.61664617668153","1.09761905","1","interacts with","unidentified (interacts with) Penicillium","false","interacts with","unidentified (interacts with) Penicillium"
"2199","2199","4.768337814463219","1.1452381","1","interacts with","unidentified (interacts with) Saccharomyces","false","interacts with","unidentified (interacts with) Saccharomyces"
"2200","2200","1.7461268862109598","1.14761905","1","interacts with","unidentified (interacts with) PIV3","false","interacts with","unidentified (interacts with) PIV3"
"2201","2201","0.88810711508995","1.27331871","1","interacts with","unidentified (interacts with) RV","false","interacts with","unidentified (interacts with) RV"
"2202","2202","2.8836531723386","1.14307359","1","interacts with","PIV3 (interacts with) Actinobacillus","false","interacts with","PIV3 (interacts with) Actinobacillus"
"2203","2203","-2.2088779828676497","1.15025063","-1","interacts with","PIV3 (interacts with) Actinomyces","false","interacts with","PIV3 (interacts with) Actinomyces"
"2204","2204","-1.60298551945245","1.15025063","-1","interacts with","PIV3 (interacts with) Granulicatella","false","interacts with","PIV3 (interacts with) Granulicatella"
"2205","2205","-2.05800735311086","1.09761905","-1","interacts with","PIV3 (interacts with) Haemophilus","false","interacts with","PIV3 (interacts with) Haemophilus"
"2206","2206","-1.09797423048655","1.09761905","-1","interacts with","PIV3 (interacts with) Leptotrichia","false","interacts with","PIV3 (interacts with) Leptotrichia"
"2207","2207","0.5222567978736079","1.1452381","1","interacts with","PIV3 (interacts with) Neisseria","false","interacts with","PIV3 (interacts with) Neisseria"
"2208","2208","-2.29279945233006","1.09761905","-1","interacts with","PIV3 (interacts with) Porphyromonas","false","interacts with","PIV3 (interacts with) Porphyromonas"
"2209","2209","-1.21921388911834","1.09761905","-1","interacts with","PIV3 (interacts with) Prevotella","false","interacts with","PIV3 (interacts with) Prevotella"
"2210","2210","2.04438700522803","1.25644258","1","interacts with","PIV3 (interacts with) Rothia","false","interacts with","PIV3 (interacts with) Rothia"
"2211","2211","1.95957918174997","1.14307359","1","interacts with","PIV3 (interacts with) Streptococcus","false","interacts with","PIV3 (interacts with) Streptococcus"
"2212","2212","-0.254420847307567","1.09761905","-1","interacts with","PIV3 (interacts with) Veillonella","false","interacts with","PIV3 (interacts with) Veillonella"
"2213","2213","1.10520549824881","1.1452381","1","interacts with","PIV3 (interacts with) Klebsiella","false","interacts with","PIV3 (interacts with) Klebsiella"
"2214","2214","1.55071525409976","1.20079365","1","interacts with","PIV3 (interacts with) Moraxella","false","interacts with","PIV3 (interacts with) Moraxella"
"2215","2215","3.79347243341667","1.32386174","1","interacts with","PIV3 (interacts with) Pseudomonas","false","interacts with","PIV3 (interacts with) Pseudomonas"
"2216","2216","0.033737722131175","1.1452381","1","interacts with","PIV3 (interacts with) Aspergillus","false","interacts with","PIV3 (interacts with) Aspergillus"
"2217","2217","9.2547570104464","1.15025063","1","interacts with","PIV3 (interacts with) Candida","false","interacts with","PIV3 (interacts with) Candida"
"2218","2218","-2.6242914279453102","1.09761905","-1","interacts with","PIV3 (interacts with) Cryptococcus","false","interacts with","PIV3 (interacts with) Cryptococcus"
"2219","2219","-2.72869096853356","1.1452381","-1","interacts with","PIV3 (interacts with) Penicillium","false","interacts with","PIV3 (interacts with) Penicillium"
"2220","2220","2.2966157092657404","1.19285714","1","interacts with","PIV3 (interacts with) Saccharomyces","false","interacts with","PIV3 (interacts with) Saccharomyces"
"2221","2221","1.7461268862109598","1.09761905","1","interacts with","PIV3 (interacts with) unidentified","false","interacts with","PIV3 (interacts with) unidentified"
"2222","2222","-2.03765801552335","1.21538221","-1","interacts with","PIV3 (interacts with) RV","false","interacts with","PIV3 (interacts with) RV"
"2223","2223","-1.4997373339371598","1.26877326","-1","interacts with","RV (interacts with) Actinobacillus","false","interacts with","RV (interacts with) Actinobacillus"
"2224","2224","-0.73103613066982","1.27093776","-1","interacts with","RV (interacts with) Fusobacterium","false","interacts with","RV (interacts with) Fusobacterium"
"2225","2225","1.23544117712796","1.22331871","1","interacts with","RV (interacts with) Haemophilus","false","interacts with","RV (interacts with) Haemophilus"
"2226","2226","-0.444910271834682","1.22331871","-1","interacts with","RV (interacts with) Leptotrichia","false","interacts with","RV (interacts with) Leptotrichia"
"2227","2227","3.71071809180607","1.27093776","1","interacts with","RV (interacts with) Neisseria","false","interacts with","RV (interacts with) Neisseria"
"2228","2228","2.17199529650236","1.22331871","1","interacts with","RV (interacts with) Porphyromonas","false","interacts with","RV (interacts with) Porphyromonas"
"2229","2229","1.1485246993290301","1.22331871","1","interacts with","RV (interacts with) Prevotella","false","interacts with","RV (interacts with) Prevotella"
"2230","2230","2.58480296252515","1.26081871","1","interacts with","RV (interacts with) Rothia","false","interacts with","RV (interacts with) Rothia"
"2231","2231","-4.314128706038661","1.26877326","-1","interacts with","RV (interacts with) Streptococcus","false","interacts with","RV (interacts with) Streptococcus"
"2232","2232","3.9772601426923706","1.22331871","1","interacts with","RV (interacts with) Veillonella","false","interacts with","RV (interacts with) Veillonella"
"2233","2233","-0.6888761569239311","1.27093776","-1","interacts with","RV (interacts with) Klebsiella","false","interacts with","RV (interacts with) Klebsiella"
"2234","2234","0.8113967348109441","1.20843776","1","interacts with","RV (interacts with) Moraxella","false","interacts with","RV (interacts with) Moraxella"
"2235","2235","0.42457449634939","1.27093776","1","interacts with","RV (interacts with) Aspergillus","false","interacts with","RV (interacts with) Aspergillus"
"2236","2236","5.16045180994026","1.16081871","1","interacts with","RV (interacts with) Candida","false","interacts with","RV (interacts with) Candida"
"2237","2237","-1.5410346114892302","1.22331871","-1","interacts with","RV (interacts with) Cryptococcus","false","interacts with","RV (interacts with) Cryptococcus"
"2238","2238","3.9145094099085402","1.27093776","1","interacts with","RV (interacts with) Penicillium","false","interacts with","RV (interacts with) Penicillium"
"2239","2239","-2.16068758153823","1.31855681","-1","interacts with","RV (interacts with) Saccharomyces","false","interacts with","RV (interacts with) Saccharomyces"
"2240","2240","0.88810711508995","1.22331871","1","interacts with","RV (interacts with) unidentified","false","interacts with","RV (interacts with) unidentified"
"2241","2241","-2.03765801552335","1.21538221","-1","interacts with","RV (interacts with) PIV3","false","interacts with","RV (interacts with) PIV3"
